"Reference","Value","Datasheet","Footprint","Qty","DNP"
"C1,C5","470p","~","","2",""
"C2,C7","10u","~","","2",""
"C3,C6","2.3n","~","","2",""
"C4,C10","47u","~","","2",""
"C8,C9","12.7nF","~","","2",""
"C11,C12,C23","1u","~","","3",""
"C13,C14,C15,C16,C17,C19,C21,C22,C30,C31,C32,C34,C37,C38","100n","~","","14",""
"C18,C20","100u","~","","2",""
"C24,C27","20n","~","","2",""
"C25,C26","270p","~","","2",""
"C28,C35,C36","100p","~","","3",""
"C29,C33","220p","~","","2",""
"FB1,FB2,FB3,FB4","2944666671","~","Ferrite_THT:LairdTech_28C0236-0JW-10","4",""
"IC1","INA137PA","https://www.ti.com/lit/gpn/ina137","DIP794W53P254L959H508Q8N","1",""
"IC2,IC3,IC4,IC5","OPA1644AIPWR","https://www.ti.com/lit/gpn/opa1644","OPA1644:SOP65P640X120-14N","4",""
"IC6","DRV134PA","http://www.ti.com/lit/ds/symlink/drv134.pdf","DIP794W53P254L959H508Q8N","1",""
"J1","EDA 306","~","Cards:EDA_306","1",""
"R1,R3","47","~","","2",""
"R2,R4,R7,R20,R33","100k","~","Resistor_THT:R_Axial_DIN0207_L6.3mm_D2.5mm_P10.16mm_Horizontal","5",""
"R5,R6","10","~","","2",""
"R8,R9","6.2K","~","","2",""
"R10,R41","27K","~","","2",""
"R11,R43,R51,R52,R53,R54","16K","~","","6",""
"R12","5.6K","~","","1",""
"R13,R44,R49,R50,R55,RV3,RV10","10K","~","","7",""
"R14,R27","1k","~","Resistor_THT:R_Axial_DIN0207_L6.3mm_D2.5mm_P10.16mm_Horizontal","2",""
"R15,R28","3k3","~","Resistor_THT:R_Axial_DIN0207_L6.3mm_D2.5mm_P10.16mm_Horizontal","2",""
"R16,R17,R18,R19,R22,R23,R29,R30,R31,R32,R35,R39","22k","~","Resistor_THT:R_Axial_DIN0207_L6.3mm_D2.5mm_P10.16mm_Horizontal","12",""
"R21,R25,R34,R37","2k2","~","Resistor_THT:R_Axial_DIN0207_L6.3mm_D2.5mm_P10.16mm_Horizontal","4",""
"R24,R26,R36,R38,RV2,RV5,RV6,RV7,RV8,RV9","10k","~","Resistor_THT:R_Axial_DIN0207_L6.3mm_D2.5mm_P10.16mm_Horizontal","10",""
"R40,R42","30K","~","","2",""
"R45,R46,R47,R48","4.7K","~","","4",""
"RV1,RV4","100K","~","","2",""
"SW1","SW_Slide_DPDT","~","","1",""
